INSERT INTO patent_department_db.groups (id, name) VALUES (2, 'Администратор');
INSERT INTO patent_department_db.groups (id, name) VALUES (1, 'Анонним');
INSERT INTO patent_department_db.groups (id, name) VALUES (4, 'Пользователь');
INSERT INTO patent_department_db.groups (id, name) VALUES (3, 'Сотрудник');

INSERT INTO patent_department_db.group_rights (id, group_id, type, name) VALUES (1, 1, 'page', 'login');
INSERT INTO patent_department_db.group_rights (id, group_id, type, name) VALUES (2, 1, 'form', 'login');
INSERT INTO patent_department_db.group_rights (id, group_id, type, name) VALUES (4, 2, 'page', 'home');
INSERT INTO patent_department_db.group_rights (id, group_id, type, name) VALUES (5, 2, 'page', 'my-patents');
INSERT INTO patent_department_db.group_rights (id, group_id, type, name) VALUES (6, 2, 'form', 'new_patent');
INSERT INTO patent_department_db.group_rights (id, group_id, type, name) VALUES (7, 2, 'form', 'logout');
INSERT INTO patent_department_db.group_rights (id, group_id, type, name) VALUES (8, 1, 'form', 'logout');
INSERT INTO patent_department_db.group_rights (id, group_id, type, name) VALUES (9, 3, 'page', 'home');
INSERT INTO patent_department_db.group_rights (id, group_id, type, name) VALUES (10, 2, 'page', 'patent-requests');
INSERT INTO patent_department_db.group_rights (id, group_id, type, name) VALUES (11, 2, 'page', 'patent-check');
INSERT INTO patent_department_db.group_rights (id, group_id, type, name) VALUES (12, 2, 'page', 'new-patent');
INSERT INTO patent_department_db.group_rights (id, group_id, type, name) VALUES (13, 2, 'form', 'patent-check');
INSERT INTO patent_department_db.group_rights (id, group_id, type, name) VALUES (14, 3, 'page', 'patent-check');
INSERT INTO patent_department_db.group_rights (id, group_id, type, name) VALUES (15, 3, 'page', 'patent-requests');
INSERT INTO patent_department_db.group_rights (id, group_id, type, name) VALUES (16, 3, 'form', 'logout');
INSERT INTO patent_department_db.group_rights (id, group_id, type, name) VALUES (17, 3, 'form', 'patent-check');
INSERT INTO patent_department_db.group_rights (id, group_id, type, name) VALUES (18, 4, 'page', 'home');
INSERT INTO patent_department_db.group_rights (id, group_id, type, name) VALUES (19, 4, 'page', 'my-patents');
INSERT INTO patent_department_db.group_rights (id, group_id, type, name) VALUES (20, 4, 'page', 'new-patent');
INSERT INTO patent_department_db.group_rights (id, group_id, type, name) VALUES (21, 4, 'form', 'logout');
INSERT INTO patent_department_db.group_rights (id, group_id, type, name) VALUES (22, 4, 'form', 'new_patent');
INSERT INTO patent_department_db.group_rights (id, group_id, type, name) VALUES (23, 2, 'page', 'patent');
INSERT INTO patent_department_db.group_rights (id, group_id, type, name) VALUES (24, 3, 'page', 'patent');
INSERT INTO patent_department_db.group_rights (id, group_id, type, name) VALUES (26, 4, 'page', 'patent');
INSERT INTO patent_department_db.group_rights (id, group_id, type, name) VALUES (28, 2, 'form', 'set_patent_status');
INSERT INTO patent_department_db.group_rights (id, group_id, type, name) VALUES (29, 3, 'form', 'set_patent_status');
INSERT INTO patent_department_db.group_rights (id, group_id, type, name) VALUES (30, 4, 'form', 'set_patent_status');
INSERT INTO patent_department_db.group_rights (id, group_id, type, name) VALUES (31, 2, 'form', 'edit_patent_metadata');
INSERT INTO patent_department_db.group_rights (id, group_id, type, name) VALUES (32, 4, 'form', 'edit_patent_metadata');
INSERT INTO patent_department_db.group_rights (id, group_id, type, name) VALUES (33, 2, 'form', 'get_request_file');
INSERT INTO patent_department_db.group_rights (id, group_id, type, name) VALUES (34, 2, 'form', 'get_description_file');
INSERT INTO patent_department_db.group_rights (id, group_id, type, name) VALUES (35, 3, 'form', 'get_request_file');
INSERT INTO patent_department_db.group_rights (id, group_id, type, name) VALUES (36, 4, 'form', 'get_request_file');
INSERT INTO patent_department_db.group_rights (id, group_id, type, name) VALUES (37, 3, 'form', 'get_description_file');
INSERT INTO patent_department_db.group_rights (id, group_id, type, name) VALUES (38, 4, 'form', 'get_description_file');

INSERT INTO patent_department_db.users (id, password_hash, login, name, email, group_id) VALUES (1, '$2y$10$Rh0LtzNZCHu8u1jpjaisYea6BbXdYF4ClTbzatvViT23QuCtXqtBi', 'admin', 'Жарков Максим Алексеевич', 'admin@me.com', 2);
INSERT INTO patent_department_db.users (id, password_hash, login, name, email, group_id) VALUES (2, '$2y$10$EZSwq49YWItdr0TwVgOK5OFDdYNN4pq9QV3lqWJjZxrpoPe.eR/hS', 'empl1', 'Николаев Фёдор Максимович', 'empl@oy.ee', 3);
INSERT INTO patent_department_db.users (id, password_hash, login, name, email, group_id) VALUES (3, '$2y$10$gdeIeu3MT.fK0HhTmf1UaOZgptTUwAqbZO3uD6aQkTyYV65QkQIpe', 'decl1', 'Белоусов Степан Данилович', 'decl@ar.er', 4);
INSERT INTO patent_department_db.users (id, password_hash, login, name, email, group_id) VALUES (4, '$2y$10$qufkVJ3YZRxvk/.VDsSrXutEqtDLhGbLwdhxiFeV.QX6rVbEkNh5S', 'decl2', 'Коваленко Тимофей Романович', 'bad@man.ru', 4);
INSERT INTO patent_department_db.users (id, password_hash, login, name, email, group_id) VALUES (5, '$2y$10$i2hQHPAPeXgXXCyoG3Nyv.KeqRUbaCFp/g/HvWfzDrQhU4KPMdPPi', 'empl2', 'Воронцов Владимир Петрович', 'second@yemploy.ee', 3);

INSERT INTO patent_department_db.patents (id, title, user_id, init_date) VALUES (1, 'Вечный двигатель', 3, '2020-02-09 21:08:38');
INSERT INTO patent_department_db.patents (id, title, user_id, init_date) VALUES (2, 'Колесо', 4, '2020-06-09 21:08:40');
INSERT INTO patent_department_db.patents (id, title, user_id, init_date) VALUES (3, 'Машина времени', 3, '2020-05-09 21:08:44');
INSERT INTO patent_department_db.patents (id, title, user_id, init_date) VALUES (17, 'Фотоаппарат Sony', 1, '2020-02-13 11:52:17');
INSERT INTO patent_department_db.patents (id, title, user_id, init_date) VALUES (18, 'Метод хранения данных', 1, '2020-02-13 15:55:31');
INSERT INTO patent_department_db.patents (id, title, user_id, init_date) VALUES (23, 'Автомат для сбора апельсинов', 1, '2020-02-13 23:30:14');
INSERT INTO patent_department_db.patents (id, title, user_id, init_date) VALUES (35, 'Надувная лодка', 1, '2020-02-14 01:14:35');
INSERT INTO patent_department_db.patents (id, title, user_id, init_date) VALUES (38, 'Новый тип аккумуляторов', 4, '2020-02-14 14:13:09');

INSERT INTO patent_department_db.patent_roles (id, patent_id, user_id, role) VALUES (3, 1, 3, 'owner');
INSERT INTO patent_department_db.patent_roles (id, patent_id, user_id, role) VALUES (5, 2, 4, 'owner');
INSERT INTO patent_department_db.patent_roles (id, patent_id, user_id, role) VALUES (6, 2, 5, 'checker');
INSERT INTO patent_department_db.patent_roles (id, patent_id, user_id, role) VALUES (8, 3, 3, 'owner');
INSERT INTO patent_department_db.patent_roles (id, patent_id, user_id, role) VALUES (9, 3, 2, 'checker');
INSERT INTO patent_department_db.patent_roles (id, patent_id, user_id, role) VALUES (35, 23, 1, 'owner');
INSERT INTO patent_department_db.patent_roles (id, patent_id, user_id, role) VALUES (47, 35, 1, 'owner');
INSERT INTO patent_department_db.patent_roles (id, patent_id, user_id, role) VALUES (48, 35, 1, 'checker');
INSERT INTO patent_department_db.patent_roles (id, patent_id, user_id, role) VALUES (49, 1, 2, 'checker');
INSERT INTO patent_department_db.patent_roles (id, patent_id, user_id, role) VALUES (50, 17, 2, 'checker');
INSERT INTO patent_department_db.patent_roles (id, patent_id, user_id, role) VALUES (53, 17, 1, 'checker');
INSERT INTO patent_department_db.patent_roles (id, patent_id, user_id, role) VALUES (54, 17, 1, 'checker');
INSERT INTO patent_department_db.patent_roles (id, patent_id, user_id, role) VALUES (55, 17, 1, 'checker');
INSERT INTO patent_department_db.patent_roles (id, patent_id, user_id, role) VALUES (56, 17, 1, 'checker');
INSERT INTO patent_department_db.patent_roles (id, patent_id, user_id, role) VALUES (58, 38, 4, 'owner');
INSERT INTO patent_department_db.patent_roles (id, patent_id, user_id, role) VALUES (59, 38, 2, 'checker');

INSERT INTO patent_department_db.patent_request_files (id, patent_id, file_name) VALUES (14, 17, 'IJCEA_I.K.Mujawar.pdf');
INSERT INTO patent_department_db.patent_request_files (id, patent_id, file_name) VALUES (16, 23, 'Web-Based_Expert_System_to_Detect_Stress_on_Colleg.pdf');
INSERT INTO patent_department_db.patent_request_files (id, patent_id, file_name) VALUES (17, 35, '26Vol95No11.pdf');
INSERT INTO patent_department_db.patent_request_files (id, patent_id, file_name) VALUES (20, 18, '26Vol95No11.pdf');
INSERT INTO patent_department_db.patent_request_files (id, patent_id, file_name) VALUES (21, 38, 'Аккумулятор_заявление1.pdf');

INSERT INTO patent_department_db.patent_description_files (id, patent_id, file_name) VALUES (6, 17, 'Akande Ruth, et al.pdf');
INSERT INTO patent_department_db.patent_description_files (id, patent_id, file_name) VALUES (9, 35, '26Vol95No11.pdf');
INSERT INTO patent_department_db.patent_description_files (id, patent_id, file_name) VALUES (14, 18, 'Akande Ruth, et al.pdf');
INSERT INTO patent_department_db.patent_description_files (id, patent_id, file_name) VALUES (15, 38, 'Аккумулятор_опиисание1.pdf');

INSERT INTO patent_department_db.patent_logs (id, patent_id, user_id, timestamp, status) VALUES (2, 2, 4, '2020-02-09 20:23:05', 'request_checking');
INSERT INTO patent_department_db.patent_logs (id, patent_id, user_id, timestamp, status) VALUES (32, 18, 1, '2020-02-13 15:55:31', 'editing');
INSERT INTO patent_department_db.patent_logs (id, patent_id, user_id, timestamp, status) VALUES (35, 23, 1, '2020-02-13 23:31:50', 'checking_wait');
INSERT INTO patent_department_db.patent_logs (id, patent_id, user_id, timestamp, status) VALUES (39, 35, 1, '2020-02-14 01:18:31', 'request_checking');
INSERT INTO patent_department_db.patent_logs (id, patent_id, user_id, timestamp, status) VALUES (67, 17, 1, '2020-02-14 13:26:39', 'request_checking');
INSERT INTO patent_department_db.patent_logs (id, patent_id, user_id, timestamp, status) VALUES (72, 1, 3, '2020-02-14 13:27:31', 'editing');
INSERT INTO patent_department_db.patent_logs (id, patent_id, user_id, timestamp, status) VALUES (74, 3, 3, '2020-02-14 13:44:53', 'editing');
INSERT INTO patent_department_db.patent_logs (id, patent_id, user_id, timestamp, status) VALUES (75, 38, 4, '2020-02-14 14:13:09', 'editing');
INSERT INTO patent_department_db.patent_logs (id, patent_id, user_id, timestamp, status) VALUES (76, 38, 4, '2020-02-14 14:18:35', 'checking_wait');
INSERT INTO patent_department_db.patent_logs (id, patent_id, user_id, timestamp, status) VALUES (77, 38, 2, '2020-02-14 14:18:50', 'request_checking');
INSERT INTO patent_department_db.patent_logs (id, patent_id, user_id, timestamp, status) VALUES (78, 38, 2, '2020-02-14 14:19:42', 'plagiarism_checking');
INSERT INTO patent_department_db.patent_logs (id, patent_id, user_id, timestamp, status) VALUES (79, 38, 2, '2020-02-14 14:20:13', 'description_checking');